Id,,Name,,Date,,Time
123,,mj,,28-05-2022,,16:28:00
123,,mj,,28-05-2022,,16:28:25
123,,mj,,28-05-2022,,16:28:40
123,,mj,,28-05-2022,,16:28:58
123,,mj,,28-05-2022,,16:30:28
123,,mj,,28-05-2022,,16:33:04
123,,mj,,28-05-2022,,16:33:59
123,,mj,,28-05-2022,,16:35:53
123,,mj,,28-05-2022,,16:58:18
123,,mj,,28-05-2022,,17:48:48
123,,mj,,28-05-2022,,17:49:22
123,,mj,,28-05-2022,,19:46:47
13,,dj,,28-05-2022,,19:57:48
13,,dj,,28-05-2022,,19:59:57
13,,dj,,28-05-2022,,20:00:43
